seed,seed_ci,p_seat_first,p_seat_first_ci,load_scale,load_scale_ci,n_seats,n_seats_ci,n_windows,n_windows_ci,arrivals,arrivals_ci,served,served_ci,balk_food,balk_food_ci,abandon_seat,abandon_seat_ci,abandon_ratio,abandon_ratio_ci,people_arrived,people_arrived_ci,people_served,people_served_ci,pre_claimed_share,pre_claimed_share_ci,instant_claim_share,instant_claim_share_ci,seat_effective_util,seat_effective_util_ci,seat_nominal_util,seat_nominal_util_ci,seat_idle_util,seat_idle_util_ci,seat_idle_pre_util,seat_idle_pre_util_ci,seat_idle_walk_util,seat_idle_walk_util_ci,seat_clean_util,seat_clean_util_ci,seat_free_util,seat_free_util_ci,seat_waste_ratio,seat_waste_ratio_ci,seat_turnover_per_hour,seat_turnover_per_hour_ci,pk_effective_util,pk_effective_util_ci,pk_nominal_util,pk_nominal_util_ci,pk_idle_pre_util,pk_idle_pre_util_ci,pk_free_util,pk_free_util_ci,seat_effective_util_w2,seat_effective_util_w2_ci,seat_nominal_util_w2,seat_nominal_util_w2_ci,seat_idle_pre_util_w2,seat_idle_pre_util_w2_ci,spill_ratio,spill_ratio_ci,served_rate,served_rate_ci,full_house_ratio,full_house_ratio_ci,group_blocked_ratio,group_blocked_ratio_ci,food_wait_mean,food_wait_mean_ci,food_wait_p95,food_wait_p95_ci,seat_wait_mean,seat_wait_mean_ci,seat_wait_p95,seat_wait_p95_ci,seat_wait_served_mean,seat_wait_served_mean_ci,tray_wait_mean,tray_wait_mean_ci,sf_seat_wait_mean,sf_seat_wait_mean_ci,total_time_mean,total_time_mean_ci,total_time_p95,total_time_p95_ci,sf_total_mean,sf_total_mean_ci,qf_total_mean,qf_total_mean_ci,wait_person_min,wait_person_min_ci,wait_person_min_per_head,wait_person_min_per_head_ci,p,scenario
1012.5,2.829016319029167,0.0,0.0,1.0,0.0,200.0,0.0,8.0,0.0,1019.0,10.423553595833688,1004.1666666666666,8.190492780088164,0.0,0.0,14.833333333333334,4.91795743312299,0.014375473892021262,0.004716110649070103,1019.0,10.423553595833688,1004.1666666666666,8.190492780088164,0.0,0.0,0.0,0.0,0.770050697304329,0.005050080238428448,0.795152960410744,0.005236730441191297,0.025102263106414478,0.0002035950406692323,0.0,0.0,0.025102263106414478,0.0002035950406692323,0.021432594010089345,0.00011366756353158886,0.18341444557916664,0.005312812093549534,0.0,0.0,3.3472222222222228,0.027301642600293875,0.8881513774113174,0.003615120053144495,0.9189611207951605,0.0036823701618486347,0.0,0.0,0.08103887920483953,0.003682370161848634,0.5190318266446592,0.004110540795670704,0.5357679377557704,0.004236875823743396,0.0,0.0,0.037021862955813466,0.004505915777689678,0.9856245261079787,0.004716110649070108,0.6300925925925925,0.009697693157626286,0.0,0.0,1.8206801070775345,0.14861606826544463,4.450553934504286,0.31535126147701154,6.431401132116837,0.25278642133861595,14.470209969970464,0.2836655916522955,6.311238398981682,0.22306227010496918,6.311238398981682,0.22306227010496918,,,22.95846621163226,0.30298970876490366,35.420834185913684,0.46530867651941055,,,22.95846621163226,0.30298970876490366,2054.784566563771,206.65615351246367,2.007822941706517,0.18827109137348055,0.0,base
1012.5,2.829016319029167,0.05000000000000001,2.835844417291751e-18,1.0,0.0,200.0,0.0,8.0,0.0,1019.0,10.423553595833688,995.0833333333334,7.594637282908065,0.0,0.0,23.916666666666668,6.236030843118764,0.023224625858435405,0.005949320749886087,1019.0,10.423553595833688,995.0833333333334,7.594637282908065,0.049012969194936994,0.0029470108865966636,0.012341768977087678,0.001164474696205179,0.7634512921842149,0.004582732563021183,0.7935323133675191,0.0050072183836569655,0.03008102118330382,0.0007275838850579233,0.00645616766436223,0.0006842371272448015,0.023624853518941585,0.00019814122351995663,0.021261511734731047,0.00010601118363430856,0.1852061748977499,0.00507385148760208,0.008123476382097405,0.0008451259551932058,3.3169444444444447,0.025315457609693556,0.880187700644058,0.0036967713292755115,0.9195752388210542,0.003666563314471374,0.010468193304736707,0.0012383367221820514,0.08042476117894572,0.003666563314471374,0.514411540612596,0.0037840095671790807,0.5344670412777265,0.004078724261017408,0.004304111776241486,0.0004561580848298677,0.035763843279026514,0.004352093227986038,0.9767753741415645,0.005949320749886087,0.6266203703703703,0.009081468404303477,0.0,0.0,1.6093042204674692,0.14084919094462162,4.033203901222538,0.3334656469636267,6.777190553644092,0.2687030785724078,14.680085583873145,0.21252991122678894,6.588531204912378,0.23074326618440907,6.619270218939218,0.23315442763709662,6.02367963299357,0.34407356753537016,23.026522459339727,0.2929849247742627,35.63244448422349,0.44902735009552974,22.34883341164982,0.5441115824415109,23.063534040019363,0.2908097887894514,1963.1544778463551,204.6395966359035,1.918062421775919,0.1877982767148253,0.05,base
1012.5,2.829016319029167,0.10000000000000002,5.671688834583502e-18,1.0,0.0,200.0,0.0,8.0,0.0,1019.0,10.423553595833688,987.875,7.164986650067967,0.0,0.0,31.125,6.978995115780421,0.03025569490121947,0.006645411144578764,1019.0,10.423553595833688,987.875,7.164986650067967,0.09875727739261524,0.004033796340129925,0.025276321309160996,0.0020893603071535476,0.7582451448857439,0.004092175748115305,0.7919275708817389,0.004651136779740755,0.03368242599599446,0.0009647911415258558,0.011503267354102037,0.0009357093806742949,0.022179158641892422,0.00019252936653783279,0.021139636257652177,0.00010773843728612543,0.1869327928606089,0.004716684762817326,0.01450651341261238,0.001144729856776627,3.2929166666666667,0.02388328883355991,0.8747144090243566,0.0038652407130124002,0.9201504527318688,0.00365979101191024,0.018314622041811623,0.0016429446391990176,0.07984954726813136,0.00365979101191024,0.510587969898107,0.0033368047303417273,0.5330444821025088,0.0037277059998471578,0.0076697066488460135,0.0006241913437259091,0.03419747895194788,0.003928498726796071,0.9697443050987804,0.006645411144578765,0.6256944444444444,0.008616216475239231,0.0,0.0,1.3931461481174832,0.1417439127647977,3.595447442217875,0.3521520350871796,7.0445416783555705,0.25168903343144544,14.85787802404493,0.10014539161575449,6.803314419178935,0.21113390685134012,6.866329541802479,0.21873175806763342,6.263832623355107,0.26641846524192286,23.02266089121061,0.27055598950283427,35.643945952403904,0.40874182360725403,22.197932904106874,0.34035532988836265,23.119344616474546,0.27975325888691105,1845.5814842348866,211.63502004767943,1.802338157688409,0.19601269497937732,0.1,base
1012.5,2.829016319029167,0.15,0.0,1.0,0.0,200.0,0.0,8.0,0.0,1019.0,10.423553595833688,981.8333333333334,6.556726236255261,0.0,0.0,37.166666666666664,7.779999875811881,0.03612987334137791,0.0073760849964112545,1019.0,10.423553595833688,981.8333333333334,6.556726236255261,0.14526904089429485,0.004557572436631363,0.03751430723986706,0.0025149004110110017,0.7540000156799449,0.003776010188695422,0.7901021918967578,0.004338241703490271,0.036102176216812505,0.0012076938201827055,0.015259917101087364,0.0012159429811070838,0.020842259115725143,0.00016675954207104256,0.021035014009909526,0.00010354969723544721,0.18886279409333265,0.004396814792090245,0.019291764384898397,0.00149721888259366,3.272777777777778,0.02185575412085084,0.8712624505632314,0.004251313454757133,0.9206194664771546,0.0036343616967831026,0.023857537404899574,0.0021292396151830215,0.07938053352284534,0.0036343616967831026,0.5076510759974859,0.003072508677219186,0.5317210010048115,0.003486037913154494,0.010174091673992006,0.0008111815987712219,0.03295794978414282,0.003642444950795953,0.9638701266586222,0.00737608499641125,0.6236111111111111,0.008322980686915064,0.0,0.0,1.1743214293926492,0.12612905489439616,3.156470864964979,0.3393469740401259,7.242628890432951,0.24178754654075724,14.932211644319148,0.04151475117584647,6.95877938050194,0.2003276800901927,7.039918699190506,0.2062664601175256,6.5076974984363245,0.23654487682495598,22.964508196143992,0.24929400718258785,35.32725597287875,0.36267237657443946,22.17399142473627,0.2861649094488927,23.105275151303402,0.25705249921771933,1711.7602918119635,208.57470782515335,1.6711323042831365,0.19378845013059653,0.15,base
1012.5,2.829016319029167,0.20000000000000004,1.1343377669167004e-17,1.0,0.0,200.0,0.0,8.0,0.0,1019.0,10.423553595833688,975.9166666666666,6.102922045047168,0.0,0.0,43.083333333333336,8.232233893617641,0.04190226570452286,0.007752275007257648,1019.0,10.423553595833688,975.9166666666666,6.102922045047168,0.19055043990329787,0.004788717104589581,0.049711859066322,0.002820044751526118,0.7498258229611565,0.0036458107199870173,0.7874311981055356,0.004111247726570735,0.03760537514437859,0.0013094667122606637,0.018063354634282377,0.0013410197078473636,0.019542020510096212,0.00016427025375912157,0.020956834183772585,0.00010522612758600795,0.19161196771069164,0.004172862489524716,0.022919764083562236,0.0016635620129846504,3.253055555555555,0.02034307348349056,0.8693733582015074,0.00437049590602382,0.9210831827926164,0.0036155594724682455,0.02781678430282938,0.002313338340356976,0.07891681720738374,0.0036155594724682455,0.5045612050120973,0.0028528002206823855,0.5296327814090743,0.0032149479685328196,0.012043104174754576,0.0008946149471069464,0.03065883015341427,0.00303890234925438,0.9580977342954772,0.007752275007257646,0.6210648148148148,0.007919075167337048,0.0,0.0,0.9572786587720005,0.11369794981568208,2.672699578378618,0.3341884675678632,7.392319914632249,0.23195965444484193,14.951937917565457,0.030444821385551095,7.065794254903975,0.19462881820488637,7.164458856487187,0.1999005127603291,6.667773269745669,0.22801095033779908,22.853347326658593,0.23331682472283508,34.95726363790309,0.342805822544787,22.25132533863788,0.30920295676317966,23.00117592449833,0.23505901727905287,1581.1114135310079,203.35684586752922,1.5430793938758198,0.1890760379288694,0.2,base
1012.5,2.829016319029167,0.25,0.0,1.0,0.0,200.0,0.0,8.0,0.0,1019.0,10.423553595833688,971.2083333333334,5.738613668452408,0.0,0.0,47.791666666666664,7.899232389479067,0.046528630126908554,0.007387306023321704,1019.0,10.423553595833688,971.2083333333334,5.738613668452408,0.23731668608448586,0.004940779206414553,0.06220028746666128,0.003009421268204955,0.7466016416111044,0.0037661461729574823,0.7849450637719135,0.004130348014177705,0.03834342216080852,0.0013823005836931716,0.020108840099068697,0.001419826578393715,0.018234582061739824,0.00016723523959671517,0.020898187350588477,0.00010382119347257978,0.19415674887749815,0.004194275373006621,0.025602061869756432,0.001775461477736869,3.237361111111111,0.019128712228174662,0.868895515682667,0.004467396849015019,0.9214914823093646,0.003598536030728647,0.03017843326038876,0.002472481400094213,0.07850851769063533,0.003598536030728647,0.5020674304546936,0.002880803433197856,0.5276320449400873,0.0031819390805654696,0.01340767004094925,0.0009473966445057011,0.028823014810928565,0.002377073648198916,0.9534713698730916,0.007387306023321705,0.6180555555555556,0.008552096358217453,0.0,0.0,0.7470894284818262,0.10183937094116531,2.218957782100606,0.302846668137218,7.507166029279706,0.22656068688896241,14.96813577693864,0.021548099311138734,7.1468811706052575,0.19633801962262362,7.255559134982815,0.20758841719799756,6.823838286689852,0.21289967519026912,22.722538611150537,0.23351038220382433,34.71562215427994,0.3016915393903451,22.20116780356844,0.26958853578812675,22.896098088035497,0.254169135519115,1442.90242668867,194.84241885182806,1.4075738730144474,0.18131979687063032,0.25,base
1012.5,2.829016319029167,0.3,0.0,1.0,0.0,200.0,0.0,8.0,0.0,1019.0,10.423553595833688,967.5,5.166849739627045,0.0,0.0,51.5,7.91948834535249,0.05015238188547987,0.007344723368087925,1019.0,10.423553595833688,967.5,5.166849739627045,0.2863192685063933,0.00579372985476513,0.07485850735654483,0.0032777802414461635,0.7440628643165254,0.0035373017234350073,0.7825074846427826,0.003942362030761652,0.03844462032625687,0.0014341043879662594,0.021550870326257077,0.0014542290342301214,0.016893749999999784,0.0001693369021006409,0.020852857988893247,0.00010468670141467899,0.19663965736832414,0.00400185312351458,0.027522182532772332,0.0018120522729005353,3.2249999999999996,0.01722283246542351,0.8695786652747953,0.004388014697452212,0.9218395552024908,0.0036021020914962128,0.03135646188231076,0.0025800905669204704,0.07816044479750929,0.0036021020914962128,0.5001159615041068,0.002599341588873511,0.5257479400253282,0.0029342279897503778,0.014368784076776775,0.0009702218600538877,0.027291216803035822,0.002158004179286396,0.9498476181145202,0.007344723368087924,0.6155092592592593,0.00818582249724865,0.0,0.0,0.5482134350320175,0.09397045561382887,1.7371733519918486,0.279374423168623,7.595610536204611,0.2199785982441237,14.977654132826599,0.016382136900342997,7.209841716742133,0.19078877584699103,7.317459284026874,0.20410171875832867,6.962869597445032,0.20285837726009773,22.586137534648728,0.22851441523545024,34.40990087389657,0.28816074674441877,22.297522243386013,0.26941873400865224,22.711404741557313,0.24289503399213475,1303.1626487445535,187.08795548111664,1.2705990704124623,0.17421797205071285,0.3,base
1012.5,2.829016319029167,0.3499999999999999,2.268675533833401e-17,1.0,0.0,200.0,0.0,8.0,0.0,1019.0,10.423553595833688,964.9583333333334,5.094250512590067,0.0,0.0,54.041666666666664,8.022061421133875,0.05264129852168159,0.007414431330599596,1019.0,10.423553595833688,964.9583333333334,5.094250512590067,0.33319336725145704,0.006199118931091254,0.087137805587924,0.003924432956715683,0.7423055896530156,0.003716901842180673,0.7808419488679922,0.003970636714644484,0.03853635921497602,0.001394082596408643,0.02290062251683914,0.0014208407019596142,0.015635736698136875,0.00016573135974852504,0.02081873379711338,0.00010399897358118873,0.19833931733489454,0.004031546170375211,0.029315386576763396,0.001779984806976828,3.216527777777778,0.016980835041966843,0.8702906953315468,0.004305812096057162,0.9222489244893057,0.0035596032191150128,0.03257008345701792,0.002533179976958031,0.07775107551069428,0.0035596032191150136,0.4987809394964175,0.0026846234227893167,0.5244742192505899,0.0029065610077412722,0.015268279754172318,0.0009478853199975229,0.02631689417087214,0.0020780502799289287,0.9473587014783185,0.007414431330599597,0.612962962962963,0.008537432618218552,0.0,0.0,0.4193750113781169,0.08239424749304566,1.425657333669846,0.26298927463080346,7.640977542563437,0.21753616918337843,14.984198705705277,0.011694393097683761,7.236728103229727,0.19187694906750644,7.348320160732445,0.20405748185784653,7.035660790132035,0.21112093652514125,22.48330019162596,0.22197514299150567,34.170997612730396,0.24577412349673008,22.170007148012626,0.25400533925830987,22.655487790366106,0.23313012586075035,1215.1845935164201,174.77891908258897,1.1850488498092935,0.16250726937218882,0.35,base
1012.5,2.829016319029167,0.4000000000000001,2.268675533833401e-17,1.0,0.0,200.0,0.0,8.0,0.0,1019.0,10.423553595833688,963.8333333333334,5.288877948269446,0.0,0.0,55.166666666666664,8.10164258409284,0.053748038702097455,0.007489966130863063,1019.0,10.423553595833688,963.8333333333334,5.288877948269446,0.37721052767224555,0.007080997796196212,0.09812537863699788,0.004799969346954636,0.7415437226872138,0.0037845302673388905,0.7799895081460573,0.003971912251871726,0.03844578545884328,0.0012397337186515294,0.02395739442448633,0.001268964589081807,0.014488391034356942,0.00017999590384535388,0.020805219942271542,0.00010488672974588335,0.19920527191167103,0.004038739458635918,0.030707701290273653,0.0015983648698821066,3.2127777777777777,0.01762959316089815,0.8713019323783803,0.004134640930797471,0.9225907968124898,0.0035393530210477077,0.03322339983431136,0.002230328960847627,0.07740920318751011,0.003539353021047707,0.49817446780710367,0.0027405979110331955,0.5238070586180181,0.002902776676526293,0.015972868588692166,0.0008465980707953865,0.025505358576001544,0.0018976643314612483,0.9462519612979025,0.007489966130863064,0.6125,0.008322980686915065,0.0,0.0,0.3111344020112218,0.06572315104968358,1.1187819162670714,0.2139201349328461,7.680076277190352,0.2127244461480251,14.983071557681876,0.01477076521053741,7.26864238057614,0.18822479675947612,7.359941264512216,0.18871609177044515,7.135433381619298,0.23901249029832827,22.406183364244473,0.20961347354758056,33.99002285921664,0.21793940405319648,22.171463365977626,0.27084326900029704,22.5636230765236,0.20740657293068088,1127.1986980085258,161.58891446416277,1.0992190987950783,0.15004938806808948,0.4,base
1012.5,2.829016319029167,0.45,0.0,1.0,0.0,200.0,0.0,8.0,0.0,1019.0,10.423553595833688,963.2083333333334,5.385775133838261,0.0,0.0,55.791666666666664,8.238202272997507,0.05435892336258361,0.007603506403680473,1019.0,10.423553595833688,963.2083333333334,5.385775133838261,0.42509441343813026,0.006748520472761022,0.10995588174803583,0.005000349933626538,0.7411025223861398,0.0038559839486218012,0.7795717935248359,0.0039832729114282475,0.03846927113869585,0.0010040565345067107,0.02521557513580927,0.0010696761075976713,0.01325369600288658,0.00017058458082499947,0.02080706568824718,0.00010687690454114019,0.19962114078691692,0.004054491052233931,0.03234280925417591,0.0013547046565302616,3.2106944444444445,0.01795258377946088,0.8722605300830851,0.003928869801340057,0.9229226824206513,0.003530150453223558,0.03402096936703351,0.0017945863719815017,0.07707731757934866,0.003530150453223558,0.49783283212334273,0.002784418753433257,0.52348069277845,0.0029028053305533634,0.016811749543996005,0.0007136079928095512,0.024971936373016177,0.0019440201180367983,0.9456410766374163,0.007603506403680466,0.611574074074074,0.008131522160766748,0.0,0.0,0.2213910064865664,0.045472475597625586,0.8997534627742615,0.1666399366485435,7.716127924151081,0.21160229938627104,14.987328485526575,0.010434103407540562,7.301999488041534,0.18515107259218713,7.366224383965819,0.19824106155370658,7.227270082348852,0.22333943882625865,22.34908522540573,0.21112981778966905,33.819567298112744,0.23760282866224774,22.223876633761137,0.2604948675815745,22.45268720759701,0.20749339100861086,1049.9356493712078,153.42898967434903,1.023513028102429,0.14185014561963827,0.45,base
1012.5,2.829016319029167,0.5,0.0,1.0,0.0,200.0,0.0,8.0,0.0,1019.0,10.423553595833688,963.125,5.478445940915748,0.0,0.0,55.875,8.298244030245632,0.05444091433561716,0.0076622823611862114,1019.0,10.423553595833688,963.125,5.478445940915748,0.47072235181453587,0.006721079630274267,0.1220457738873848,0.004877778024149413,0.741101506934319,0.0039057518740645454,0.779745529971568,0.004083696405025042,0.038644023037248815,0.0007444936020455617,0.026555278969973072,0.000818767389005785,0.012088744067275744,0.00016028537462638173,0.020811043612896683,0.00010683582152797404,0.1994434264155354,0.004158247744907776,0.03405383781759588,0.0010216107701607887,3.2104166666666667,0.018261486469719156,0.872817023229736,0.003682114890020166,0.9233021803704698,0.0035301976484055494,0.03534961167651818,0.0013350080305732095,0.07669781962953019,0.0035301976484055494,0.4978054077446595,0.002839608096044039,0.5235695355853549,0.0029775640063479385,0.01770440561847329,0.0005462548085755985,0.024807229433795874,0.0020399679055730776,0.9455590856643828,0.007662282361186203,0.612037037037037,0.00815130959017202,0.0,0.0,0.15565675372260748,0.028788078766637026,0.7045004432022349,0.1242546156727976,7.748802413565649,0.20763378895852888,14.985511638726068,0.011884805191869617,7.335768347472077,0.18099636659198085,7.412435543963689,0.19480781080156326,7.262466950238154,0.21518801319427297,22.317380013604822,0.2061546205719599,33.72717430051846,0.24684021809981857,22.192193033345575,0.25118715372082107,22.445571718483265,0.21634538573026404,987.9658179800978,142.86255965829932,0.9629984352426625,0.13177558691743613,0.5,base
1012.5,2.829016319029167,0.55,0.0,1.0,0.0,200.0,0.0,8.0,0.0,1019.0,10.423553595833688,963.0416666666666,5.468485988796336,0.0,0.0,55.958333333333336,7.7664023637929365,0.05454681560772492,0.007151058685080908,1019.0,10.423553595833688,963.0416666666666,5.468485988796336,0.518197689793855,0.006823341545157981,0.13381050601097225,0.005478074563083748,0.7409759300660129,0.003904461975044753,0.7801835770133888,0.004146651068856283,0.03920764694737592,0.0005496789790984029,0.028330861468691727,0.0006292994509866049,0.010876785478684195,0.00018384495608530753,0.020802518816028195,0.00010367918492899056,0.19901390417058296,0.004219985538931468,0.036309563331824286,0.0007575608592459522,3.210138888888889,0.0182282866293211,0.8728585560653513,0.003583216977580302,0.9237194497490773,0.0035174552454967775,0.03723917253580648,0.0009334521640115426,0.07628055025092277,0.0035174552454967775,0.49778547217748037,0.0028690135108443105,0.5239250850098426,0.003048125391321856,0.018888223943473333,0.0004201693463697893,0.024764556223711588,0.0020203592391176152,0.945453184392275,0.007151058685080904,0.6124999999999999,0.008476412601158454,0.0,0.0,0.115496721896503,0.017293155080405076,0.5609647267955505,0.09459240639267068,7.779578887308496,0.21007841991418155,14.987782439618465,0.010599810063752792,7.367611136858405,0.18487727046695748,7.4379418761184946,0.2090580473658234,7.31527547363648,0.209972736462308,22.309851010831654,0.20604254046065795,33.722294412266564,0.2443900574871646,22.215738518987234,0.23625711280795095,22.425509851685405,0.20264142769256702,950.6405569235118,124.86207390906051,0.9270744084728518,0.11454034475256764,0.55,base
1012.5,2.829016319029167,0.6,0.0,1.0,0.0,200.0,0.0,8.0,0.0,1019.0,10.423553595833688,962.0,5.398708380151038,0.0,0.0,57.0,7.875427202583261,0.05556280302554073,0.007237508007482511,1019.0,10.423553595833688,962.0,5.398708380151038,0.5627154199127918,0.007041971577857099,0.14546044674232247,0.005687629956874923,0.740254576506775,0.0038847395073916976,0.7801926809075489,0.004117085297460463,0.0399381044007737,0.0005569716213423394,0.030221642650503616,0.0006581727254218665,0.009716461750270087,0.00018464174472939234,0.020780799214441495,0.00010148712705744327,0.19902651987800976,0.004187364643886829,0.038732658753568204,0.000791698341752629,3.206666666666667,0.017995694600503483,0.8725843589974001,0.0036495198549780406,0.9241499702418162,0.0035124000087448774,0.03935222364566001,0.0009737916647901087,0.07585002975818374,0.0035124000087448774,0.497199481701029,0.002802729428138664,0.5238284476558244,0.002974933403145865,0.02015049373257305,0.0004401782263524151,0.024925378296047702,0.002007166306793205,0.9444371969744593,0.007237508007482512,0.612037037037037,0.008562555083365878,0.0,0.0,0.09236359734052779,0.013876408427909086,0.47335444623172984,0.0800239658500211,7.796952723513248,0.20929166500600285,14.989540237983695,0.009283720396481353,7.377643925924919,0.1849915969507339,7.462328322354183,0.22292082565127377,7.326172913493608,0.1917239853873984,22.295291002756162,0.2067019848584704,33.694310900287086,0.2436370867818816,22.205665510837207,0.2231655006128164,22.432299594826503,0.22586006150424925,943.8907070720994,126.92245121363972,0.920305335137626,0.1162740465700993,0.6,base
1012.5,2.829016319029167,0.65,0.0,1.0,0.0,200.0,0.0,8.0,0.0,1019.0,10.423553595833688,961.875,5.402976802960877,0.0,0.0,57.125,7.718613043730111,0.05569301640557255,0.007079996970982504,1019.0,10.423553595833688,961.875,5.402976802960877,0.6101828814563423,0.006701687840098738,0.15697829989344803,0.005921782640954548,0.7400475926900413,0.0039423359787318585,0.78091390119567,0.004185204328083556,0.04086630850562842,0.0004964461954279754,0.0323605831240808,0.00057807030570822,0.008505725381547617,0.00016536537529870037,0.020774101564669824,0.00010106458232757732,0.19831199723966023,0.004255653056838426,0.04143702194219424,0.0006814200254371109,3.2062500000000003,0.018009922676536266,0.8719184746393919,0.003528272580456611,0.9244947291224307,0.003502377958027753,0.04191693827981796,0.0008488593761201121,0.07550527087756916,0.003502377958027753,0.4970907695590778,0.0028431189597805193,0.5243362893153649,0.003017482184680035,0.021574686422953706,0.0003861371909034254,0.02525335966579927,0.0021546064873898957,0.9443069835944274,0.007079996970982504,0.6124999999999999,0.008476412601158454,0.0,0.0,0.07624924074531494,0.010536890166682205,0.41097393341321564,0.06029414434037426,7.825119861189929,0.20899004775785562,14.988395340712662,0.010883923719508203,7.406480528672231,0.1848543496153579,7.458923442318469,0.24046883884797376,7.380461614354602,0.19297889408969554,22.306806190904638,0.20692589427400818,33.733283488037706,0.2522892520165259,22.240538613025524,0.22168326639324884,22.431399112129963,0.264626585147651,930.2750520300634,121.07408105192495,0.9071868579574568,0.11067764532899242,0.65,base
1012.5,2.829016319029167,0.6999999999999998,4.537351067666802e-17,1.0,0.0,200.0,0.0,8.0,0.0,1019.0,10.423553595833688,961.2916666666666,5.359219864904451,0.0,0.0,57.708333333333336,7.827988609874731,0.05625949420019143,0.007182332388403509,1019.0,10.423553595833688,961.2916666666666,5.359219864904451,0.6588442185367073,0.006118318094427489,0.16895168272222125,0.006027951734869484,0.7395521793614585,0.00387963846287237,0.781357296099389,0.004133421437714658,0.04180511673793042,0.0005286039992111667,0.034552842773909576,0.0005834238076728108,0.0072522739640208484,0.00015119640227453986,0.020754294504993203,0.00010102625802838606,0.19788840939561778,0.004202733562162036,0.04421944536728006,0.0006830698928778869,3.2043055555555555,0.017864066216348177,0.8712756035594227,0.0035119284207435347,0.9248440149138398,0.0035094332204903293,0.04445306400580637,0.0008709994720754075,0.0751559850861602,0.0035094332204903293,0.4968193619552417,0.002802571537356814,0.5246907679103266,0.002981210662496168,0.02303598928841823,0.00038995475604092976,0.025257421546810377,0.0020567852663040905,0.9437405057998086,0.007182332388403504,0.6134259259259259,0.008236505814436837,0.0,0.0,0.06417114766668496,0.012063840339730928,0.3679378379850753,0.0779831305821342,7.843917015189594,0.20910712512400484,14.989723410663771,0.0109982239727138,7.421797432621413,0.18530859212514317,7.454677293241123,0.26497051863756216,7.409859824446289,0.18499722106087793,22.310702969513557,0.20783885364304383,33.7579410297491,0.23907958057911588,22.266979952467608,0.21858256198135895,22.421132810812292,0.27389143781360986,927.3726726922341,123.47186451947918,0.9042114066664647,0.11293909862696806,0.7,base
1012.5,2.829016319029167,0.75,0.0,1.0,0.0,200.0,0.0,8.0,0.0,1019.0,10.423553595833688,960.4583333333334,5.401259101286204,0.0,0.0,58.541666666666664,7.750704868989889,0.05708240071407108,0.00710561538750912,1019.0,10.423553595833688,960.4583333333334,5.401259101286204,0.7051413130227299,0.00590809470931631,0.1806064239651676,0.005508778070596454,0.7389464315708573,0.0038803428003367025,0.7816119719403658,0.004162040375584784,0.042665540369508405,0.0004726342924499486,0.036613184040141855,0.0005079463257567795,0.006052356329366552,0.00012002587973519027,0.020736920776470495,0.00010084536362466788,0.1976511072831638,0.004231166624864385,0.04684006550160571,0.0005554948939060634,3.201527777777778,0.018004197004287344,0.8707011113425643,0.0034586291668831743,0.92524084497095,0.0035171129434621888,0.04694763267441456,0.0007410899271875476,0.0747591550290499,0.0035171129434621888,0.4963706442547917,0.0028011250782047294,0.524815678137334,0.0029975877846929464,0.02440961721587566,0.00033954721502716545,0.02529639539343882,0.002101816588224339,0.9429175992859289,0.007105615387509122,0.6145833333333334,0.008388852230353617,0.0,0.0,0.05213843580379562,0.008555814805971684,0.31467054554065194,0.059751572029981166,7.861608353724016,0.20595045105755228,14.990969759422342,0.009255516707378886,7.433996906465026,0.18132192900056449,7.469614923866999,0.2840024589201108,7.421557377418249,0.17916375550334893,22.31059914339238,0.2024058251718515,33.731001719373914,0.248123863989902,22.280451634067543,0.20606337511830375,22.401631113837663,0.3001795360067965,928.2775650100506,119.58452368139619,0.9052701387926637,0.10928587150085187,0.75,base
1012.5,2.829016319029167,0.8000000000000002,4.537351067666802e-17,1.0,0.0,200.0,0.0,8.0,0.0,1019.0,10.423553595833688,959.3333333333334,5.440655686543389,0.0,0.0,59.666666666666664,7.7081055273819405,0.05819050698808385,0.007054747146975356,1019.0,10.423553595833688,959.3333333333334,5.440655686543389,0.7507783531114544,0.0068777372972785395,0.19249873472181356,0.00594874627733344,0.7380570976437043,0.0039598067585595535,0.7817045338458178,0.00423147788825679,0.04364743620211356,0.0004218161302374995,0.038783124812670926,0.0004439427769920848,0.004864311389442632,0.00013711722683983811,0.020710998761748044,0.0001004064726880602,0.19758446739243396,0.004299247706663307,0.04961225611337802,0.00047791503534237,3.197777777777778,0.01813551895514464,0.8699456931474163,0.0034486804449737635,0.9256431686233636,0.0034901861356640084,0.04958839472301063,0.0005664988875503144,0.0743568313766365,0.0034901861356640084,0.49575006014734546,0.0028216627406164223,0.5248495717078889,0.0030061781213724997,0.02585645600498789,0.000297011260804087,0.0252504159063619,0.0021020595030668793,0.9418094930119162,0.007054747146975356,0.6145833333333334,0.008465318852699358,0.0,0.0,0.04630652550954325,0.007376595084990654,0.28832780980566675,0.055549286842098,7.872004606891312,0.20657817467454684,14.990510140255688,0.008683511016982214,7.436092240385672,0.18288015857546508,7.4831111127560215,0.28828997414436836,7.424501269162199,0.18391018544429938,22.30594712621553,0.20451436497021752,33.70146504819962,0.2427769084212939,22.275037705446504,0.1986619886159175,22.427435804121316,0.3346367589950291,939.4773842952706,118.3245161610057,0.9163649961124163,0.10801447918970966,0.8,base
1012.5,2.829016319029167,0.85,0.0,1.0,0.0,200.0,0.0,8.0,0.0,1019.0,10.423553595833688,958.6666666666666,5.499181845164204,0.0,0.0,60.333333333333336,7.555821890730647,0.058853873574082095,0.006895441665681809,1019.0,10.423553595833688,958.6666666666666,5.499181845164204,0.8002987404442946,0.006733147761010662,0.20453731817709067,0.005926614028569084,0.7374973718106924,0.004008204481596653,0.7822522058237933,0.0042651201281903965,0.04475483401310113,0.0003946244559148875,0.04117045901310112,0.0004393296771290821,0.0035843750000000116,0.00010948045640727391,0.020693339443156978,9.950990713755593e-05,0.1970544547330498,0.004331701642964083,0.052628718184914124,0.0004457478902427325,3.195555555555556,0.018330606150547345,0.8690295707847979,0.0034333299569435545,0.9260515840918808,0.0035058149174753126,0.05256213850326352,0.0005063127362711543,0.07394841590811921,0.0035058149174753126,0.49542540839487587,0.002860496209625102,0.525264402561826,0.003036761710192836,0.027448716389172557,0.00029412874858673194,0.02538003633537682,0.0019986103838924366,0.9411461264259179,0.006895441665681806,0.6148148148148148,0.008711768627895914,0.0,0.0,0.040900538221359105,0.005571111440973088,0.25622157256910877,0.03834612282521506,7.892436105065545,0.20665253293073216,14.991468745243496,0.008915570868861415,7.452509634494903,0.18335078569034546,7.471337564037874,0.2758730947113773,7.449125796814641,0.18435620077021303,22.317297011447362,0.20562529808021543,33.71907858424493,0.24260846273212539,22.301257054514668,0.20410846833846769,22.4088225802433,0.33368396515666887,944.228129016284,116.06498228956437,0.9211928845562362,0.10568241484985279,0.85,base
1012.5,2.829016319029167,0.9,0.0,1.0,0.0,200.0,0.0,8.0,0.0,1019.0,10.423553595833688,957.75,5.338103256477117,0.0,0.0,61.25,7.667898168262317,0.05974393013911695,0.006990611079409481,1019.0,10.423553595833688,957.75,5.338103256477117,0.8460861158393511,0.007535534505639701,0.2153007022251597,0.0062657632313859275,0.7367626928321737,0.003905095754359949,0.7825419988880219,0.00417805798457775,0.04577930605584815,0.00040630326753353493,0.04338138938918148,0.00043966295728883783,0.0023979166666666745,8.573309012012778e-05,0.020671823075996177,9.630348275465058e-05,0.1967861780359819,0.004241290308972754,0.05543385992399081,0.00042339360449379523,3.1925000000000003,0.017793677521590407,0.8682362870639517,0.0034193641770307983,0.9263903250195075,0.003507490668772411,0.05515468252852881,0.0005825481601397086,0.07360967498049255,0.003507490668772411,0.49492484605726794,0.0027978457036830356,0.5254456385370475,0.0029838495376025152,0.028922181368668348,0.00029397869831972076,0.025584848822055486,0.0020747842523878876,0.9402560698608831,0.006990611079409479,0.6159722222222223,0.008946435226189056,0.0,0.0,0.03638242936694797,0.004809761706648025,0.2284752189030359,0.028220603258650747,7.909441503104579,0.20413691435798004,14.990944731229055,0.011136393468939066,7.463457633096138,0.1800755237542162,7.496354821868692,0.35795227232384447,7.459381036228017,0.1745829428515241,22.322882120299884,0.2028208658243472,33.76595699680068,0.24327402203941118,22.301988936250694,0.2006016282024516,22.515382692272496,0.3804301292439245,953.6260474000732,117.46576678811829,0.9302681137142824,0.10688464983042428,0.9,base
1012.5,2.829016319029167,0.9499999999999998,4.537351067666802e-17,1.0,0.0,200.0,0.0,8.0,0.0,1019.0,10.423553595833688,957.5833333333334,5.403754956773137,0.0,0.0,61.416666666666664,7.621165385670935,0.05991171396766435,0.006949593003029274,1019.0,10.423553595833688,957.5833333333334,5.403754956773137,0.8922389947082273,0.007067304613678297,0.22759471842734658,0.006443338251206563,0.7365659586771183,0.003943100192159009,0.7833826391833042,0.004195359068120411,0.04681668050618642,0.0003873402701072122,0.04559793050618641,0.0004030912081945176,0.0012187500000000043,7.220139029734546e-05,0.020658439860184893,9.686262150204725e-05,0.19595892095651082,0.004259160094667179,0.05820608503070738,0.00040015904713796684,3.1919444444444447,0.018012516522577147,0.867533514357199,0.0034444301062992078,0.9268383933148785,0.0035055462030545983,0.057779602166720866,0.0004737251529869343,0.07316160668512144,0.0035055462030545983,0.4948606838798701,0.0028332343515166275,0.5260747978306002,0.0030048659287324054,0.030401613950730294,0.000269497413441027,0.02607201902393381,0.002077645076322165,0.9400882860323355,0.006949593003029268,0.6155092592592593,0.008793062165009913,0.0,0.0,0.0332133374986545,0.004224199581345242,0.2131890395590014,0.023694603079299617,7.928234002370703,0.20539048341911953,14.990875319370232,0.010774807589272082,7.482144268327139,0.18171069362014852,7.63208856910378,0.5610544328091086,7.471089345838187,0.17334076342377938,22.339128653022513,0.20442670082195755,33.762301398584576,0.24553661151204662,22.326284135243878,0.20124886833220346,22.509810531537028,0.6093637249864993,953.0751182494747,116.39698004580188,0.9298147034006506,0.10595304361933236,0.95,base
1012.5,2.829016319029167,1.0,0.0,1.0,0.0,200.0,0.0,8.0,0.0,1019.0,10.423553595833688,957.0,5.366384365605979,0.0,0.0,62.0,7.4298130352742024,0.060491541707611,0.006758106065063906,1019.0,10.423553595833688,957.0,5.366384365605979,0.9395084582923889,0.006758106065063905,0.23849351342264838,0.00698689709261317,0.736057474779439,0.003935188241499602,0.7839384889331145,0.0041985465712949446,0.047881014153675704,0.0003845375181731283,0.047881014153675704,0.0003845375181731283,0.0,0.0,0.020640986122246897,9.262715605662827e-05,0.19542052494463877,0.004257003311302599,0.0610769050618802,0.0003457009667073977,3.19,0.017887947885353292,0.8667288285872304,0.003427260894055716,0.9272187570175977,0.003499990439537427,0.060489928430367323,0.00046177839604241683,0.07278124298240242,0.003499990439537427,0.4945503524714643,0.002835646172681678,0.5264729081668188,0.0030188391673373755,0.03192255569535457,0.00025785903260368666,0.026262148367113682,0.0022482009996065153,0.9395084582923889,0.006758106065063905,0.6189814814814815,0.008742534239698892,0.0,0.0,0.030137519932947776,0.003873015697023992,0.1946285061756341,0.023630057460906437,7.9442651177938295,0.20721118715591536,14.992781951272603,0.00955610571886729,7.494543756537617,0.1849234776832073,,,7.494543756537617,0.1849234776832073,22.348322984778065,0.2078733570814438,33.77130876631224,0.2421655890908192,22.348322984778065,0.2078733570814438,,,958.8696103896883,113.2986665704236,0.9356149424928271,0.10288270946675407,1.0,base
