load_scale,peak_rate,p,seat_effective_util,seat_turnover_per_hour,abandon_ratio,seat_wait_mean,food_wait_mean,seat_idle_pre_util
0.85,20.4,0.0,0.6684434774803873,2.8916666666666666,0.0,4.050612061408195,0.5034457074824493,0.0
0.85,20.4,0.1,0.6684037090590674,2.8916666666666666,0.0,4.323062245694052,0.3589189677590089,0.005291073644922963
0.85,20.4,0.2,0.6679023346366653,2.8896666666666664,0.0006607929515418502,4.495563864081966,0.24310321546968422,0.009576776311231673
0.85,20.4,0.3,0.6669961916682625,2.8856666666666664,0.001982378854625551,4.629734407969105,0.13610260049552575,0.013842331932342017
0.85,20.4,0.4,0.6670460303781176,2.886,0.0018722466960352422,4.721093327976688,0.09664459092180902,0.017890074173901337
0.85,20.4,0.5,0.6668908761522081,2.8853333333333335,0.002092511013215859,4.794188685776274,0.07038697734002529,0.02199750981882725
0.85,20.4,0.6,0.6667266111141871,2.884666666666667,0.002312775330396476,4.857472675884322,0.05804380681893225,0.026262721668978965
0.85,20.4,0.7,0.6667781527857837,2.8850000000000007,0.0022026431718061676,4.9175853716859965,0.047225162285205825,0.03044868930248998
0.85,20.4,0.8,0.6664966359138594,2.883666666666667,0.0026431718061674008,4.976235505954241,0.0437838910771287,0.03489783879493485
0.85,20.4,0.9,0.6663497652668589,2.883,0.0028634361233480176,5.030483677806162,0.03508433371427488,0.03916519379750076
0.85,20.4,1.0,0.6661093929671595,2.8820000000000006,0.0031938325991189426,5.082921424534723,0.03265564253614718,0.043359744083309
0.9,21.6,0.0,0.7022148812560023,3.039,0.0007360672975814932,4.85899520108314,0.8397027035499732,0.0
0.9,21.6,0.1,0.7009486210792859,3.0336666666666665,0.00241850683491062,5.234282879579656,0.6413152584939305,0.006529065921945644
0.9,21.6,0.2,0.699846802028137,3.028666666666667,0.003991417107355092,5.489454925298867,0.4449437989012487,0.01141819954030246
0.9,21.6,0.3,0.6989019180177706,3.0243333333333333,0.005355116636083819,5.707485090902258,0.22396385256531834,0.015466472156044509
0.9,21.6,0.4,0.6986337509790563,3.0233333333333334,0.005670574049333031,5.8245409972973885,0.13652280003550712,0.01933865865788434
0.9,21.6,0.5,0.6984459465293412,3.022666666666667,0.005881973189949569,5.908607548709324,0.0916960433278984,0.02347216294826746
0.9,21.6,0.6,0.6981013534989455,3.0213333333333336,0.006298206280480266,5.978254053025991,0.06450747169398466,0.027675182034129903
0.9,21.6,0.7,0.6977469633134142,3.0200000000000005,0.006716627767911755,6.040696577889453,0.05151571516511559,0.0320806822454129
0.9,21.6,0.8,0.6976740957981673,3.0200000000000005,0.006716627767911755,6.106399471364285,0.046413146457900546,0.03657427064186153
0.9,21.6,0.9,0.6972238383645624,3.0183333333333335,0.007240201726426315,6.159946764531466,0.03733902152765798,0.04109215620297256
0.9,21.6,1.0,0.697025565376933,3.017666666666667,0.00744941247014206,6.216622362567854,0.034437167166209134,0.04545933429565
0.95,22.799999999999997,0.0,0.7393630942461652,3.203666666666666,0.0031952430506228327,5.73751644618441,1.2833316158914778,0.0
0.95,22.799999999999997,0.1,0.7355629753096904,3.187333333333333,0.008104428349822699,6.240399840673416,1.0003118733815346,0.008338701267127456
0.95,22.799999999999997,0.2,0.7312780295100744,3.167,0.014279850181811776,6.558260409098503,0.7007189608873372,0.013928931202934342
0.95,22.799999999999997,0.3,0.7277280784804543,3.151,0.019139450590010598,6.8080041317971505,0.3861579843641517,0.018063543668567994
0.95,22.799999999999997,0.4,0.7270348309940654,3.1479999999999997,0.020072848043605717,6.944541599180115,0.19611263115386443,0.02112150914164112
0.95,22.799999999999997,0.5,0.7268410504974747,3.147333333333333,0.02028063375693877,7.0336894215983765,0.1161849829356116,0.025083881053464187
0.95,22.799999999999997,0.6,0.7260309451867296,3.144,0.021305797518392327,7.0948644696751515,0.07695591370876957,0.029164275237804814
0.95,22.799999999999997,0.7,0.7254969589587736,3.1420000000000003,0.02192669609561681,7.1516912594041795,0.05989540655260235,0.03359497025319634
0.95,22.799999999999997,0.8,0.72453607059782,3.1380000000000003,0.02314834450781387,7.205061569811247,0.04747992458465302,0.03811553911481367
0.95,22.799999999999997,0.9,0.7233956902942439,3.1333333333333333,0.024577974565085283,7.244655558572063,0.03759587733959379,0.04266611651697927
0.95,22.799999999999997,1.0,0.7225334610972562,3.13,0.025618649527950205,7.286913786360337,0.03426408262641498,0.04713562853465256
1.0,24.0,0.0,0.7671818739348135,3.3393333333333337,0.01097896650362302,6.455166475365533,1.8284318487498339,0.0
1.0,24.0,0.1,0.7568900673015262,3.2916666666666665,0.024900140171753606,7.016220564288335,1.4533365018885787,0.010602185877776449
1.0,24.0,0.2,0.7479496961084935,3.2483333333333335,0.0376024862597254,7.328944827225202,1.0427582925057377,0.01724709341493174
1.0,24.0,0.3,0.7416758532086414,3.2186666666666666,0.046233865566903926,7.564424066865117,0.6046139311896205,0.021342337803211507
1.0,24.0,0.4,0.7397378751861095,3.2093333333333334,0.04899871621563455,7.6853969073143364,0.3108623424875321,0.023451757303367134
1.0,24.0,0.5,0.7392967649843392,3.2069999999999994,0.04970209779504018,7.7642155292588155,0.14637421020478047,0.02616129740692702
1.0,24.0,0.6,0.7387993173226307,3.2049999999999996,0.05027253096937806,7.817266949273763,0.08393345622933449,0.029788060657557052
1.0,24.0,0.7,0.7377366630953959,3.200333333333334,0.05165978580553454,7.861430145460128,0.0628244146486783,0.0342341539151159
1.0,24.0,0.8,0.7366175060107778,3.195666666666667,0.05303283481430014,7.902570695034619,0.05001372699593305,0.038804513916509534
1.0,24.0,0.9,0.7351745127593464,3.1896666666666667,0.05479467053916722,7.9365689500112735,0.03578917403373967,0.043301585382794966
1.0,24.0,1.0,0.7338296527625207,3.184333333333333,0.05637778524462485,7.969604276406767,0.03353751712936047,0.0479169010316973
1.05,25.200000000000003,0.0,0.7868752104509367,3.439,0.03131227979171467,7.092833956040492,2.469081225210078,0.0
1.05,25.200000000000003,0.1,0.7737218637253938,3.3786666666666667,0.048166596952449486,7.719419078822334,1.9786788667226016,0.01362659626357129
1.05,25.200000000000003,0.2,0.7605664911020898,3.312,0.06682617481441197,8.014061428996069,1.4315375859232427,0.0216290730432707
1.05,25.200000000000003,0.3,0.751885137084936,3.2670000000000003,0.07938167583753583,8.23439326861126,0.8429588381853106,0.025649823651826643
1.05,25.200000000000003,0.4,0.7512655251164463,3.2630000000000003,0.08050499882731878,8.363083674194659,0.43787548974477286,0.02643509420178356
1.05,25.200000000000003,0.5,0.7509056653546101,3.260666666666667,0.0811543910250219,8.423166084433827,0.20401611932973912,0.02782576031887571
1.05,25.200000000000003,0.6,0.750723044286201,3.2596666666666665,0.08145782618492126,8.47015034346976,0.10589923042148552,0.030869089566568995
1.05,25.200000000000003,0.7,0.7499059980767144,3.2566666666666664,0.08229469677565175,8.510120896351173,0.07118220688342568,0.0350804164465779
1.05,25.200000000000003,0.8,0.7486664390181385,3.2513333333333336,0.0837951102028626,8.54534036684581,0.05461863326594868,0.03966618444372082
1.05,25.200000000000003,0.9,0.7474755014997317,3.2463333333333333,0.08520550453097409,8.576772899672621,0.037010870036243634,0.04406210015328267
1.05,25.200000000000003,1.0,0.7458593651373362,3.239666666666667,0.08708743653527518,8.602634398330924,0.036002984483549244,0.048882070985220925
1.1,26.400000000000002,0.0,0.8046610182345104,3.5439999999999996,0.04909211692368691,7.588535994153277,3.1871944796621587,0.0
1.1,26.400000000000002,0.1,0.7851101600134618,3.4466666666666668,0.07505730092094752,8.248805168838416,2.6051945922344713,0.017620205006404238
1.1,26.400000000000002,0.2,0.7725792113112697,3.381333333333333,0.09242712263719186,8.582737850244255,1.9446093193488447,0.027860087732591
1.1,26.400000000000002,0.3,0.7608548135005806,3.3163333333333336,0.10974653525958944,8.793801914839971,1.195579414544438,0.03166759118594
1.1,26.400000000000002,0.4,0.758878169580174,3.3020000000000005,0.11353323387636445,8.902713171134762,0.6519042632023526,0.031053219528102215
1.1,26.400000000000002,0.5,0.7599117511952798,3.3050000000000006,0.11275091347000532,8.960387887913125,0.29038023172280786,0.030250771270230903
1.1,26.400000000000002,0.6,0.7603669356503024,3.3063333333333333,0.11238852361653158,8.99284421055059,0.1323787661402386,0.032240468982248735
1.1,26.400000000000002,0.7,0.7597197071186932,3.303666666666666,0.11312426591589624,9.023628026007305,0.08505762232477562,0.035951205669605454
1.1,26.400000000000002,0.8,0.758587521031931,3.2990000000000004,0.11436835491406191,9.052049504219811,0.06077370915674768,0.04045981812053483
1.1,26.400000000000002,0.9,0.7576100463972806,3.2950000000000004,0.11546216588717728,9.08176225770428,0.04249213443481364,0.04484207148607385
1.1,26.400000000000002,1.0,0.7559856425005027,3.288333333333333,0.11724733901807922,9.105334764856675,0.038578182776403,0.049761250757302734
1.15,27.599999999999998,0.0,0.8193836146339197,3.6440000000000006,0.0658391407626325,8.03708994619262,3.933327269800246,0.0
1.15,27.599999999999998,0.1,0.7967226400920276,3.5313333333333334,0.09460182406004983,8.720490718357729,3.2493726002693593,0.022368647124374374
1.15,27.599999999999998,0.2,0.7789852830358295,3.428000000000001,0.12093640652467057,9.038225636204007,2.509514917022453,0.03483128008816514
1.15,27.599999999999998,0.3,0.7673098321411622,3.3579999999999997,0.1387597379677302,9.262795835694057,1.6147839031104634,0.03897415339570118
1.15,27.599999999999998,0.4,0.7625247312572705,3.324666666666667,0.14722974742334488,9.339984867101842,0.9297707932323671,0.037095811230976716
1.15,27.599999999999998,0.5,0.7643415979084481,3.3280000000000003,0.14636508260314396,9.386820016551848,0.40774094431977204,0.03343599596416329
1.15,27.599999999999998,0.6,0.7670459323781603,3.339666666666667,0.14341027349884758,9.430417866519127,0.18354714907232003,0.03389029562057909
1.15,27.599999999999998,0.7,0.7668209129465893,3.338666666666667,0.1436684125339538,9.452459050094566,0.09758889839837842,0.03667908893406384
1.15,27.599999999999998,0.8,0.7658194285943897,3.3346666666666662,0.1446992091174229,9.481205309115094,0.06859692840215778,0.04109033282248164
1.15,27.599999999999998,0.9,0.764767248007316,3.3303333333333334,0.14581904476831795,9.504055063759896,0.04638038053414606,0.045539292652079455
1.15,27.599999999999998,1.0,0.763037562571015,3.3226666666666667,0.14780057445294426,9.522714846814562,0.0398499491708658,0.05035814448187187
1.2,28.799999999999997,0.0,0.8324589024415407,3.7520000000000002,0.07619521312786418,8.416615570454873,4.699452314487454,0.0
1.2,28.799999999999997,0.1,0.8044628322259442,3.6049999999999995,0.11231473958149722,9.108313886923709,3.9511798169931884,0.027615396564204385
1.2,28.799999999999997,0.2,0.7844951505006693,3.4806666666666666,0.14280432734686452,9.430468231634244,3.120597681012309,0.043085082888796866
1.2,28.799999999999997,0.3,0.7712100489710505,3.3903333333333334,0.16499105699914232,9.655251690530372,2.1049758440524045,0.04723619673281674
1.2,28.799999999999997,0.4,0.7658873484436345,3.348,0.17533449586997535,9.72898778869386,1.2652803879709296,0.044312150263014785
1.2,28.799999999999997,0.5,0.7657888984030019,3.336666666666666,0.1781062370970896,9.743494895931965,0.577390479115412,0.03787562802697794
1.2,28.799999999999997,0.6,0.768919671677587,3.3483333333333336,0.17523602341623362,9.761798178423405,0.23831583171826048,0.03574533000305892
1.2,28.799999999999997,0.7,0.7707905977105505,3.356666666666667,0.17319902745504054,9.791308099235149,0.11531447339604192,0.03750293913168078
1.2,28.799999999999997,0.8,0.7700969618375766,3.354,0.17386291962701456,9.815055685805905,0.06756372742756302,0.04146470756559205
1.2,28.799999999999997,0.9,0.7687076571228146,3.3480000000000003,0.17533473134446453,9.832663575872894,0.04727448968305552,0.04595084315378669
1.2,28.799999999999997,1.0,0.7666974753341375,3.3393333333333333,0.1774827172603592,9.848014998835298,0.041386243185765885,0.05069021345253697
1.25,30.0,0.0,0.8416605097921206,3.852666666666667,0.08761676926094394,8.745473812135497,5.463596725826236,0.0
1.25,30.0,0.1,0.8098627771715835,3.679666666666667,0.1284970114578528,9.444015719762094,4.6534092424272036,0.03304728932475456
1.25,30.0,0.2,0.7879785668529996,3.5313333333333334,0.163515618821996,9.765617857005974,3.7541631731588345,0.05165546747377557
1.25,30.0,0.3,0.7730235576859746,3.4156666666666666,0.1908452592029484,9.978329188073396,2.6050384891773133,0.056980942315134196
1.25,30.0,0.4,0.7679021586161785,3.365333333333333,0.20273333227145285,10.05176189761346,1.6159334939977203,0.05182735735372683
1.25,30.0,0.5,0.7681131210194425,3.3520000000000003,0.20589214175653278,10.064102637251247,0.7936033874356188,0.04397857265999784
1.25,30.0,0.6,0.7730349900732267,3.368666666666667,0.20193304589811692,10.068959901590654,0.3072211378621732,0.03811872988113738
1.25,30.0,0.7,0.7750666993561514,3.377,0.19998434010742502,10.082991494735927,0.1341611722258564,0.03844656934419455
1.25,30.0,0.8,0.7747775174436795,3.3756666666666666,0.2003100267904067,10.105204722242837,0.07829370946336237,0.04209612063248015
1.25,30.0,0.9,0.7739080857761398,3.3723333333333336,0.20109887536713594,10.123972507990526,0.0517717927171065,0.04659720614412517
1.25,30.0,1.0,0.7725505184185335,3.3666666666666663,0.2024418280443677,10.144168020577577,0.042188411011063354,0.05115816262616414
1.3,31.200000000000003,0.0,0.8475764451554284,3.9579999999999997,0.09944970240011743,9.042514696522586,6.310564415330397,0.0
1.3,31.200000000000003,0.1,0.811657533609738,3.766333333333333,0.14295128444567456,9.7511622883564,5.423562208942731,0.040064117044670534
1.3,31.200000000000003,0.2,0.7898493261459756,3.5946666666666665,0.1819288429356471,10.065825393643884,4.413503611438789,0.06101862829014535
1.3,31.200000000000003,0.3,0.7755788658924427,3.4623333333333335,0.21197969009475096,10.275558563679402,3.1707017007962284,0.06805947080400146
1.3,31.200000000000003,0.4,0.769795244903318,3.392333333333333,0.2279074300164267,10.339168360057686,2.0634843324456207,0.0620526223786565
1.3,31.200000000000003,0.5,0.770417944727509,3.371,0.23277185602755654,10.344675308830718,1.0634020559069568,0.05108290255140557
1.3,31.200000000000003,0.6,0.7773088140608257,3.393,0.22776897023209922,10.334890755156236,0.388798823822815,0.04074306449559935
1.3,31.200000000000003,0.7,0.7812900213329583,3.4106666666666667,0.22377309656119357,10.349318534102323,0.1546875169192881,0.039399079613699234
1.3,31.200000000000003,0.8,0.7804711614993748,3.406666666666667,0.224696944774983,10.362759942085452,0.09086618524069118,0.04308946586946755
1.3,31.200000000000003,0.9,0.7802904730441861,3.4063333333333334,0.22477050025029904,10.38497719835345,0.05544101589015381,0.047152110182135706
1.3,31.200000000000003,1.0,0.7788351400131367,3.400333333333333,0.22613971852935336,10.401232024564255,0.04380933303910404,0.05177069230721609
1.35,32.400000000000006,0.0,0.8510062003464964,4.0729999999999995,0.10735677070714453,9.315398124910358,7.129763997057213,0.0
1.35,32.400000000000006,0.1,0.8097305212321885,3.8419999999999996,0.15786185647004602,10.027145046485986,6.217234382055684,0.046891791797355156
1.35,32.400000000000006,0.2,0.786691510234501,3.651,0.1996623524813928,10.344076859151041,5.1280070448099915,0.07193420781164087
1.35,32.400000000000006,0.3,0.7749885687529413,3.4939999999999998,0.23399273412454474,10.540909007482167,3.7458106737405883,0.07790225898660691
1.35,32.400000000000006,0.4,0.770786513032497,3.4189999999999996,0.25045295757646724,10.61693751447742,2.503745187461995,0.07197432079472676
1.35,32.400000000000006,0.5,0.7710106079603238,3.3826666666666667,0.2583815081431084,10.618087778258511,1.3502190122659437,0.05950132439998845
1.35,32.400000000000006,0.6,0.7803844502861985,3.4123333333333337,0.2518967482955893,10.598483959367737,0.5097324237713261,0.04481239078886258
1.35,32.400000000000006,0.7,0.786230850683589,3.4366666666666674,0.2466025042519442,10.604829097348079,0.18022919409256477,0.04081613033632114
1.35,32.400000000000006,0.8,0.7871131352857705,3.4410000000000003,0.24568426204266344,10.63211249092235,0.09760106850907876,0.04375589169130861
1.35,32.400000000000006,0.9,0.7862452289811884,3.4370000000000003,0.24656244165364122,10.641083437221987,0.057324634282315656,0.04749721125976995
1.35,32.400000000000006,1.0,0.7848625512503943,3.4313333333333333,0.2478147441708654,10.657462141800531,0.0453885523481664,0.052326789401675046
