cap,p,served,served_rate,abandon_ratio,seat_wait_mean,seat_effective_util,seat_effective_util_w2,seat_idle_pre_util,seat_turnover_per_hour,spill_ratio,food_wait_mean,served_ci,served_rate_ci,abandon_ratio_ci,seat_wait_mean_ci,seat_effective_util_ci,seat_effective_util_w2_ci,seat_idle_pre_util_ci,seat_turnover_per_hour_ci,spill_ratio_ci,food_wait_mean_ci
6.0,0.0,975.7916666666666,0.8326451103607369,0.16735488963926326,4.151289342270271,0.7516422432483866,0.5043555510637989,0.0,3.252638888888889,0.01767049313312059,3.7292261859608935,9.147665253460687,0.004652910365505345,0.004652910365505343,0.06696724182015215,0.006265153095877237,0.0046022602304460125,0.0,0.030492217511535632,0.0027368560478059707,0.21574222829466336
6.0,0.2,902.875,0.7706215880992171,0.22937841190078298,4.241506709379155,0.6955709839388526,0.4659300024889494,0.03250545929490681,3.009583333333333,0.01036114512692508,2.3297149192385924,5.22486325318594,0.006089332605239404,0.006089332605239404,0.06376287018633778,0.0041784368244215,0.0027447360587651067,0.002522705284107934,0.017416210843953124,0.001151793236711491,0.1699059359708057
6.0,0.4,871.75,0.744166331688464,0.2558336683115359,4.195970839978473,0.6715716848994626,0.4498392012351104,0.03358199748583111,2.9058333333333333,0.008640912955825704,0.8852130897756932,5.11030572839641,0.007923867367089298,0.007923867367089296,0.055256266798531184,0.004438597602923173,0.002846647619711811,0.0028834586704576575,0.017034352427988043,0.0008856788930824368,0.13748114164901867
6.0,0.8,876.2083333333334,0.7479631612956531,0.25203683870434684,4.18621128169458,0.6750109002778263,0.4520204293618995,0.03608065687975954,2.9206944444444445,0.008789764243645769,0.06108426560032884,4.874337995432796,0.007671769866014833,0.007671769866014833,0.05317802858230251,0.004201985287675995,0.0026928652186745798,0.00040585757302829937,0.01624779331810931,0.0009617731424341507,0.0067679402296615815
10.0,0.0,1030.0,0.8789325164392521,0.12106748356074785,6.244156578574651,0.7883196241839577,0.532325970691278,0.0,3.4333333333333336,0.03858303169108892,3.7665335592536464,8.93056305737433,0.004870180362499244,0.004870180362499246,0.12484117570881607,0.004930173867115409,0.004336997086306662,0.0,0.029768543524581113,0.004768348164261363,0.21420694294072548
10.0,0.2,956.25,0.8162007723651921,0.18379922763480797,6.605789804380624,0.7352876592817003,0.49417126192511907,0.03437368112686376,3.1875,0.022039807818806295,2.3409066840061015,5.396452001352237,0.006834440614098455,0.0068344406140984516,0.10552620099274931,0.0037827603752299474,0.002746804610909416,0.00249549921487738,0.01798817333784078,0.0026789340948335755,0.16385203904506834
10.0,0.4,924.8333333333334,0.7894885153497041,0.21051148465029593,6.631307869346198,0.7123584167547522,0.4775087363663862,0.03602020627214409,3.082777777777778,0.012610743698514537,0.9062517300220577,4.700901958885458,0.008206552661518832,0.00820655266151883,0.0921857228623678,0.004087123404150993,0.0027385660675644918,0.002534154462139441,0.015669673196284883,0.0014648267028293986,0.1167449568151733
10.0,0.8,929.8333333333334,0.7937678711193575,0.20623212888064243,6.667518715758065,0.7164270130740613,0.48019086989929355,0.03818201609830527,3.0994444444444444,0.01206624729792497,0.06044531952344049,4.8279828456082905,0.008448658188101888,0.00844865818810189,0.08457837857334265,0.004010349106882688,0.0026528240018120395,0.00041987226565650575,0.016093276152027637,0.0011720227131158483,0.007373667519599074
15.0,0.0,1095.6666666666667,0.9349729871905943,0.06502701280940576,7.951531111116655,0.8207165879826923,0.5664281958753302,0.0,3.6522222222222225,0.08680238088746584,4.010753765978766,8.757178311572533,0.004314598948379058,0.004314598948379063,0.19840685811630052,0.003293772165298738,0.004371085304217156,0.0,0.02919059437190845,0.00606724348099,0.21738033470808674
15.0,0.2,1025.2083333333333,0.8750480939949482,0.12495190600505181,9.029836443704951,0.7774888836294288,0.5300610613044711,0.03741797766240938,3.4173611111111115,0.06098033001624811,2.4315775982857897,5.4538309785869945,0.006910272111811603,0.006910272111811605,0.16830288318711134,0.002716596030015917,0.0027853058613897907,0.0024583643627786003,0.01817943659528997,0.005023208587250374,0.16226458316254208
15.0,0.4,992.7083333333334,0.8474387586616743,0.15256124133832571,9.2599778576014,0.760258045306994,0.5131649369485352,0.03864464647321696,3.3090277777777772,0.03583438849529437,0.9380398543033076,4.733083977408183,0.008824605205175404,0.008824605205175404,0.14716034044477766,0.0034376539266355354,0.002530184535152971,0.0025872921981499324,0.015776946591360624,0.0028604758607879643,0.11937688674075933
15.0,0.8,996.0416666666666,0.8502848713648374,0.14971512863516248,9.35896371584195,0.7640770596187224,0.5148899091705871,0.040820365432730536,3.320138888888889,0.03135538497610469,0.0593866708100442,4.497860025252374,0.008742978771710269,0.008742978771710269,0.1403670255409016,0.0032110177368325915,0.0024694991253738233,0.00041770964264684453,0.014992866750841265,0.002314360461236652,0.007723244467615232
25.0,0.0,1172.0833333333333,1.0,0.0,8.73803316981183,0.8356007331488945,0.6053895270453286,0.0,3.9069444444444446,0.15142457878740004,4.225002356630841,11.923333333333336,0.0,0.0,0.28626327852135564,0.0022266404238665033,0.0063385493849980965,0.0,0.0397444444444444,0.009133857460961998,0.24043856630173926
25.0,0.2,1153.1666666666667,0.9841710503817112,0.015828949618288787,11.868280253421348,0.806837360684514,0.5957427628039743,0.03899707074372767,3.843888888888889,0.16884276807221968,2.65406849054374,6.964375047824701,0.006092786311104495,0.006092786311104494,0.3679794107024042,0.0032619190450338285,0.0037035491718650304,0.0025481838442165303,0.023214583492748988,0.0065995860363557025,0.17699486463570255
25.0,0.4,1124.9583333333333,0.9602739422451045,0.03972605775489544,12.850302033692527,0.8094711068827071,0.5814299076088404,0.04148878285907964,3.749861111111111,0.13962150615433747,0.9974315850912117,4.966976439615033,0.00876647360364083,0.008766473603640834,0.28985838412660964,0.003157238091312971,0.0029782555802947705,0.0026499500730911385,0.016556588132050104,0.0050925165361295184,0.12611308369271793
25.0,0.8,1126.75,0.9618187677103371,0.03818123228966293,13.094270477837538,0.8171021637603942,0.582223403369979,0.0459465840472543,3.7558333333333334,0.13081118331656022,0.05485155674462581,4.505235762461529,0.008859913826587058,0.008859913826587058,0.2640050511352418,0.0020139851327475593,0.0026839109210242454,0.0004479677628739485,0.015017452541538454,0.004015195399168364,0.0070756160218317
999.0,0.0,1172.0833333333333,1.0,0.0,8.73803316981183,0.8356007331488945,0.6053895270453286,0.0,3.9069444444444446,0.15142457878740004,4.225002356630841,11.923333333333336,0.0,0.0,0.28626327852135564,0.0022266404238665033,0.0063385493849980965,0.0,0.0397444444444444,0.009133857460961998,0.24043856630173926
999.0,0.2,1172.0833333333333,1.0,0.0,12.022577305492382,0.8068590336535064,0.6053895270453286,0.038971439007463776,3.9069444444444446,0.18470652253212094,2.6815758014594095,11.923333333333336,0.0,0.0,0.42981907485321375,0.00326680757318268,0.006338549384998131,0.0025512172274613117,0.0397444444444444,0.010985045499923279,0.1841432092876888
999.0,0.4,1172.0833333333333,1.0,0.0,13.48321508677279,0.8106773001275945,0.6053895270453288,0.04172356769603199,3.9069444444444446,0.17945673345130397,1.020461076027181,11.923333333333336,0.0,0.0,0.450060378434562,0.003240576684445723,0.006338549384998125,0.002594181804350306,0.0397444444444444,0.010666736496427008,0.1319292099483235
999.0,0.8,1172.0833333333333,1.0,0.0,13.803143679543524,0.8187852963270785,0.6053895270453287,0.04705767698763621,3.9069444444444446,0.16909589563016203,0.05364354623479165,11.923333333333336,0.0,0.0,0.43811315824824243,0.002100559923515169,0.006338549384998114,0.0004944286387474409,0.0397444444444444,0.009122424141230425,0.006821354799102763
